"archive_id","ad_creative_body","ad_creation_time","ad_delivery_start_time","ad_delivery_stop_time","page_id","currency","ad_creative_link_caption","ad_creative_link_title","ad_creative_link_description","ad_snapshot_url","funding_entity"
"46122295237429892","Right now, we‚Äôre working with the NHS to support their priorities, such as providing rapid and safe discharge services (freeing up hospital beds). But just this week, we found out the demand for our support of UK hospitals may as much as triple ‚Äì very soon.

We need to be there no matter what.

It‚Äôs your kindness that will keep us together. Please, help fund our COVID-19 response.","2020-04-14","2020-04-14","2020-04-16","26698813123","GBP","donate.redcross.org.uk","Support Our COVID-19 Response","We rely on your support to help people cope with a crisis in the UK","https://www.facebook.com/ads/archive/render_ad/?id=46122295237429892&access_token=EAAD2gYjXSRoBAEraw6HyQ3F6R1NVtfue7QZCspSXOEbibOV0XAV99dhRHyZCDZAgZAnG4yEJZCIjCXrZCVTjqywKdB62redYHCG94V1sCTT7dZB6AKqSWEwQ3rG2nphBZC7dSOyHqTbamJdZB6u9qJeUWyHWyTkU90GMwkXa4AEMeclU7Ti8FLZCWo","British Red Cross"
"42294202946905826","The Hudson Valley needs leaders in Washington who are focused on solving problems‚Äînot advancing a partisan political agenda.","2019-11-28","2019-11-28","2019-12-24","773787689497438","USD","chelefarley.com","","Sign My Petition","https://www.facebook.com/ads/archive/render_ad/?id=42294202946905826&access_token=EAAD2gYjXSRoBANHib7yyqD2c5Odyh2ctnUhfsw7Htn4jqXfnZAQ5P2JAxDPsWvQHChLL3659Jy8kHvzh1wGHbjk0V8Bci8cYO7wHwaQAXu22JT857aasjNiTYsGjZCaYdOJxRNfmAsadrUEZAD1oSQrxZAqlpFr5ZChDafsCxZBcfILHotNdW4","CHELE FARLEY FOR CONGRESS INC."
"42006033772526286","Preparing for our future:Small business, Strong communities, sustainable environmental policies and fiscal responsibility.  Vote Deena for 4!","2019-12-31","2019-12-31","2020-01-30","117662956301682","USD","www.facebook.com","Deena Davenport Conway","Deena Davenport Conway is a citizen of Inyo County and lives in Independence CA.  She is happy to be running for District 4 Supervisor.","https://www.facebook.com/ads/archive/render_ad/?id=42006033772526286&access_token=EAAhZBQYQVMRMBAMso0s3yKiWOLJDd6YhYI8hZBSxBnhAfZAp7DaUGOGpSgJiPzVjaLygZCpzqVrVZAEiKnoNAJIcfIhSOGhLVO3qREeFMxlB0O4YnOsFtxFVXRWyY5JbnKEsgQqQBONG2VbAQdZCGxCObz2qJxOksZD","Susan Tenby"
"39286283231168034","Hey There! We know you really wanted this beautiful Trump 2020 Law and Order Premium Sherpa Blanket and thought we would help you out! üõí

Click on shop now and get a matching 3x5"" Single reverse flag with it. üá∫üá∏
‚è≤Ô∏èLimited Time Offer Only! Get Yours Today! ‚è≤Ô∏è

Shop Now => doperage.com/trump-law-and-order-blanket-with-flag","2019-12-04","2019-12-04",NULL,"137569740231452","USD","RESPECTTHELOOK.COM","","Get a Maching 3x5 Single Reverse Flag FREE!","https://www.facebook.com/ads/archive/render_ad/?id=39286283231168034&access_token=EAAD2gYjXSRoBANHib7yyqD2c5Odyh2ctnUhfsw7Htn4jqXfnZAQ5P2JAxDPsWvQHChLL3659Jy8kHvzh1wGHbjk0V8Bci8cYO7wHwaQAXu22JT857aasjNiTYsGjZCaYdOJxRNfmAsadrUEZAD1oSQrxZAqlpFr5ZChDafsCxZBcfILHotNdW4","Respect The Look"
"38699622183030605","Congress Finally Passed a Homeowner Relief Program for Middle Class Homeowners. Here's how it works...","2019-07-29","2019-07-29",NULL,"1035182206671910","USD","www.1clickbenefit.com","","üá∫üá∏ New 2019 ""Relief Program"" Reduces Home Payments [Tap Here]","https://www.facebook.com/ads/archive/render_ad/?id=38699622183030605&access_token=EAAhZBQYQVMRMBAK6KLIZCCQBkhuH8AyAJj1XoJuhy0KRU4V9gMiVe4cs4ZB6GxdetcNz8uosmAtbBzrCsEvF1YV7RPs3FssXDZCjcSnd0U4ZCYQKdEh78i2ZAtBO2oZCvOhrZBwR8Mkt7KFvtBUX2r2xMNoiW2Y295xGiZBND6Eq3zke3fo9e3MUY","Helping Hands Awareness"
"37784157851243714","Don't buy solar panels before you read this.  Find out what it will cost to get solar energy for your home with our free online tool.  

Developed in conjunction with the US Department of Energy, MySolar and its partners will calculate how you can save the most money by getting solar energy.

Start here by simply entering your ZIP code:  
https://www.mysolar.com/lp08/?source=fb&campaign=2019Jun20_003","2019-06-20","2019-06-20",NULL,"1412848705648378","USD","mysolar.com","","Don't Buy Solar Panels Before Using This Site!","https://www.facebook.com/ads/archive/render_ad/?id=37784157851243714&access_token=EAAD2gYjXSRoBAG52Qh0n09pqdyLcZA8P1Hh7eOoDG6sqU9u255U8BhoGzAG3PzEt3QbiutaLXGOdnfLzaxh8BR6uY4JpWRcVNrFlgIQ3hloTQmJw76aDpXHNRSs8Yhyu53eDRYy94hazbWc6fdH84weGSw6ZCitOqK05C4ePEYnenPZBZB6s","MySolar"
"32675121872147363","Giles County homeowners can sign up for a new solar program and pay nothing out of pocket to go solar in addition to saving money on their electric bills. Thousands have signed up. Click below to see if you qualify.","2019-01-14","2019-01-14",NULL,"145364112948965","USD","homeenergy.guide","","Giles County Company Launches No Initial Cost Solar Program","https://www.facebook.com/ads/archive/render_ad/?id=32675121872147363&access_token=245896836130201%7CpbyRnfMQLWKShIkhNms7iEYKL0w","Home Energy Guide"
"31027236453739461","Exciting News for North Carolina Homeowners in 2019! The new solar program for North Carolina brings in huge savings to all homeowners who qualify. If you are lucky enough to live in an active zip code, you could save big with zero upfront costs. Click on the link below to see if your home location qualifies - checking is FREE!","2019-09-13","2019-09-13","2019-09-17","145364112948965","USD","fb.me","","North Carolina Company Launches No Initial Cost Solar Program","https://www.facebook.com/ads/archive/render_ad/?id=31027236453739461&access_token=EAAD2gYjXSRoBANHib7yyqD2c5Odyh2ctnUhfsw7Htn4jqXfnZAQ5P2JAxDPsWvQHChLL3659Jy8kHvzh1wGHbjk0V8Bci8cYO7wHwaQAXu22JT857aasjNiTYsGjZCaYdOJxRNfmAsadrUEZAD1oSQrxZAqlpFr5ZChDafsCxZBcfILHotNdW4","Home Energy Guide"
"30368069829656130","Textile Tuesday! Today I share my disappointment at MPP‚Äôs Donna Skelly and Kinga Surma‚Äôs March motion at Queen‚Äôs Park, and the unfortunate perception perpetuated by a City of Markham official. Also, I firmly believe that Diabetes is not the only charity & Value Village not the only thrift store chain worthy of public support so I find it dismaying when municipalities are giving them competitive advantage in the textile waste sector. #sustainability #economicdevelopment #integrity #textilewaste #ontario","2019-09-04","2019-09-04","2019-09-09","364430433998631","CAD",NULL,NULL,NULL,"https://www.facebook.com/ads/archive/render_ad/?id=30368069829656130&access_token=EAAhZBQYQVMRMBAMso0s3yKiWOLJDd6YhYI8hZBSxBnhAfZAp7DaUGOGpSgJiPzVjaLygZCpzqVrVZAEiKnoNAJIcfIhSOGhLVO3qREeFMxlB0O4YnOsFtxFVXRWyY5JbnKEsgQqQBONG2VbAQdZCGxCObz2qJxOksZD",NULL
"29324219657374491","President Obama‚Äôs 58th birthday is just around the corner! Help wish him a happy birthday and tell him why you are supporting Democrats in 2020 and beyond.

SEND OBAMA A BIRTHDAY MESSAGE >>","2019-07-31","2019-07-31",NULL,"12301006942","USD","my.democrats.org","","Sign President Obama‚Äôs Birthday Card: Add Your Name","https://www.facebook.com/ads/archive/render_ad/?id=29324219657374491&access_token=EAAD2gYjXSRoBAG52Qh0n09pqdyLcZA8P1Hh7eOoDG6sqU9u255U8BhoGzAG3PzEt3QbiutaLXGOdnfLzaxh8BR6uY4JpWRcVNrFlgIQ3hloTQmJw76aDpXHNRSs8Yhyu53eDRYy94hazbWc6fdH84weGSw6ZCitOqK05C4ePEYnenPZBZB6s","the Democratic National Committee, 1.877.336.7200. Not authorized by any candidate or candidate‚Äôs committee."
"28238667255929742","Shop fashionable & sustainable clothing at Polar Society!","2019-05-31","2019-05-31",NULL,"221333251786853","USD","","","Select your beautiful polar bear T shirt from Polar Society‚Äôs diverse cotton ","https://www.facebook.com/ads/archive/render_ad/?id=28238667255929742&access_token=EAAD2gYjXSRoBAAJnuVVvUwEAIQntq2yeH6D6IHGNvlgMcRdZCVxmYDQMuhqMuLLqErLrFUDzHXQsEw1qQVb1PbyMVLjTWZAZAiSqWVZB9IkBVu6fNSKdKXUg35bgcsZBdfSjAzOMQtK2eF92gbrq9bj0KyqWhxNR0XnpfFD6Anathity0Q2mZA","Polar Society "
"27229415567009884","Our End-of-Month deadline is tonight at midnight! Chip in now to become an Official Grassroots Donor to own a piece of our campaign.","2019-08-31","2019-08-31","2019-08-31","24413227922","USD","secure.facebook.com","","DEADLINE: Become a Grassroots Donor by Midnight","https://www.facebook.com/ads/archive/render_ad/?id=27229415567009884&access_token=EAAD6WuHRYzwBANP3TEZA6pr6sXkP8gzn9hJFu4XRXdU00ZBIhbZBer5gxdDqx1ZCv5mvHtv9zknxeoxepzIyrqledx5Lci5NLwIWE7XOu5UxbNMUAn0uvW1egVIpmOF9pzjdxvVMnP6kOAt0ODEwC7ZC2diOfo5FKplTly7cFYLuyoSDC0TCT","Kamala Harris For The People"
"27173682452583196","Your access to free or low cost birth control, STD testing and treatment, and cancer screenings could be at risk. Learn more about Title X!","2019-06-05","2019-06-05","2019-06-10","342294162453301","USD","istandwithpp.org","","Learn More About The Fight To #ProtectX","https://www.facebook.com/ads/archive/render_ad/?id=27173682452583196&access_token=245896836130201%7CpbyRnfMQLWKShIkhNms7iEYKL0w","Planned Parenthood Federation of America"
"27114418545176254","ON SALE NOW! Meet the Press Host and NBC News Director CHUCK TODD, presented as part of The Economic Club of Southwestern Michigan Speakers Series, will be at The Mendel Center in Benton Harbor on Tuesday, March 26. Grand Upton Hall tickets (with or without dinner) and Mainstage tickets are available. For full seating details or to order tickets for this public event, visit www.TheEconClub.com or call the box office at 269-927-8700, option 1, weekdays from 10 am to 6 pm.","2019-02-26","2019-02-26","2019-03-02","506625646080594","USD","","","","https://www.facebook.com/ads/archive/render_ad/?id=27114418545176254&access_token=271036207024410%7Cuyb9rZmfzXkojISiZGxQ-BE97Fo","The Mendel Center at Lake Michigan College"
"27108294512455324","Conservative Councillor for Merry Hill, Wolverhampton","2019-02-13","2019-02-13","2020-02-21","214305925729641","GBP","www.facebook.com","Cllr Simon Bennett","Conservative Councillor for Merry Hill, Wolverhampton","https://www.facebook.com/ads/archive/render_ad/?id=27108294512455324&access_token=EAACXDBbQm8kBAApfkxZADSU9fKfUxbW3ltcEDYmN6OMcvsgClO0NVGkWmULB7X9zjeEfT0NWUjY9w5ufNn2nc8BPi5BNdIAef3sA8sXKI2nViGYo5EZCp07akMfZA7BrGmnbwRFmjOpWmdAkh6eje9232ZAkqzBVx9ejjf4d6fLwaaRDxGrN3gQa99n9ZC9ZCyobHs4vIRFQZDZD","Cllr Simon Bennett"
"27099661993318576","Americans pay more than other nations for prescription drugs. That's why we need to support the new plan to tie prices to the International Pricing Index. Tell Chuck Grassley to support the International Pricing Index and lower drug prices today!","2019-01-29","2019-01-29","2019-03-31","143055773143383","USD","secure.everyaction.com","","Sign on: Tell Chuck Grassley to Act Now","https://www.facebook.com/ads/archive/render_ad/?id=27099661993318576&access_token=245896836130201%7CpbyRnfMQLWKShIkhNms7iEYKL0w","Patients for Affordable Drugs NOW"
"27045978918686884","Christine Barnes has a plan to fix Michigan roads and infrastructure. Vote for Christine Barnes on November 6th.","2018-10-31","2018-10-31","2018-11-03","104319892920","USD","ourchristinebarnes.com","","Vote for Christine Barnes","https://www.facebook.com/ads/archive/render_ad/?id=27045978918686884&access_token=245896836130201%7CpbyRnfMQLWKShIkhNms7iEYKL0w","the Michigan Republican Party Not authorized by any candidate or candidates committee. 520 Seymour Ave. Lansing, MI 48933"
"27045572748727501","Martha McSally won‚Äôt stand up to Donald Trump. She even brags about voting with Trump 97% of the time. We can stand up to McSally and Trump‚Äôs heartless immigration policies that are ripping families apart. But we can‚Äôt stop them if we don‚Äôt vote. Early vote is open now! Learn more: http://bit.ly/2PhGBfx","2018-10-30","2018-10-30","2018-11-06","52563647525","USD","kyrstensinema.com","","","https://www.facebook.com/ads/archive/render_ad/?id=27045572748727501&access_token=245896836130201%7CpbyRnfMQLWKShIkhNms7iEYKL0w","Sinema for Arizona"
"27018267504791359","Everyone thinks Hollywood is ""anti-gun"", you'll be amazed by how many celebs actually are proud gun owners. #7 Had Me Shocked!","2018-08-31","2018-08-31",NULL,"108247159506719","USD","lifezette.com","","GUN-GRATEFUL: 25+ Celebrities You Never Knew Owned Guns  - Bet You Know A Few!","https://www.facebook.com/ads/archive/render_ad/?id=27018267504791359&access_token=271036207024410%7Cuyb9rZmfzXkojISiZGxQ-BE97Fo","LifeZette Inc."
"26980589625225814","Sasha Dadan supports:
1. Securing our borders.
2. Continuing Governor Scott‚Äôs successful pro-jobs policies.
3. Cleaning up our St. Lucie River.","2018-07-19","2018-07-19","2018-07-28","1774243846002134","USD","","","","https://www.facebook.com/ads/archive/render_ad/?id=26980589625225814&access_token=271036207024410%7Cuyb9rZmfzXkojISiZGxQ-BE97Fo","Treasure Coast Conservatives"
"26950232151594895","The next generation deserves leaders like Dr. Nadia -- she's a pediatrician on a mission, who understands what young people need to thrive. Here's what the kids are saying:","2018-06-25","2018-06-25",NULL,"271142280067632","USD","www.nadiahashimi.com","","Find out more about Dr. Nadia Hashimi!","https://www.facebook.com/ads/archive/render_ad/?id=26950232151594895&access_token=271036207024410%7Cuyb9rZmfzXkojISiZGxQ-BE97Fo","Hashimi for Us Committee"
"26934507749834002","President Trump recognizes how much support you‚Äôve given him since our movement began.
 
But most importantly, you‚Äôve proven yourself to be a true friend.
 
The President‚Äôs birthday is coming up on June 14, and we at Headquarters want to give him a card signed by ALL of his friends and family. His birthday card will NOT be complete without your signature and personal message. Please sign the card TODAY!","2018-06-05","2018-06-05","2018-06-15","153080620724","USD","donaldjtrump.com","","SIGN THE CARD>>","https://www.facebook.com/ads/archive/render_ad/?id=26934507749834002&access_token=271036207024410%7Cuyb9rZmfzXkojISiZGxQ-BE97Fo","the Trump Make America Great Again Committee"
"26841149052348243","Attention San Diego Veterans, Active Duty and Their Families

The NEW Heroes Home Buyers Program makes it easier for you to become a homeowner (with as little as $900 in the bank)

Click below to get started:","2019-01-31","2019-01-31",NULL,"336096687007332","USD","surveygizmo.com","","NEW 2019 SAN DIEGO HOMES 4 VETERAN HEROES PROGRAM","https://www.facebook.com/ads/archive/render_ad/?id=26841149052348243&access_token=271036207024410%7Cuyb9rZmfzXkojISiZGxQ-BE97Fo","National Loan Programs"
"26010772505336233","We‚Äôre all human - and at the AKO AUTISM EXPO 2020 in March we shall be celebrating diversity and offering support to parents, carers and professionals seeking more information about Autism and its associated conditions.

If you are seeking explanations for your child‚Äôs behaviour, or you already have a diagnosis, this event will give you the opportunity to meet with other like-minded people and share your story. You are not alone!

Whether you come and listen to our speakers, or book into one of our free clinics, here at AKO we are dedicated to promoting the inclusion and equality of children and adults with an autism spectrum condition throughout society.

AKO AUTISM EXPO 2020, Saturday 28th March
Book your tickets online now and pay only ¬£10 per ticket (¬£15 at the door) (Children under 16 go free)

Book now and for more info: https://akoautismexpo.co.uk/tickets/","2020-02-27","2020-02-27","2020-03-04","139299689449820","USD","akoautismexpo.co.uk","Come and celebrate with us!",NULL,"https://www.facebook.com/ads/archive/render_ad/?id=26010772505336233&access_token=EAAD2gYjXSRoBAEraw6HyQ3F6R1NVtfue7QZCspSXOEbibOV0XAV99dhRHyZCDZAgZAnG4yEJZCIjCXrZCVTjqywKdB62redYHCG94V1sCTT7dZB6AKqSWEwQ3rG2nphBZC7dSOyHqTbamJdZB6u9qJeUWyHWyTkU90GMwkXa4AEMeclU7Ti8FLZCWo",NULL
"25987962101000280","In order to get Louisiana‚Äôs economy back on track, we need to deal with the elephant in the room ‚Äì the corrupt, broken budget process. If we wait any longer, it may be too late. Our families and taxpayers deserve better.

Louisiana has a chance at a new start if Baton Rouge makes changes. Learn more about how you can help.","2018-08-24","2018-08-24","2018-09-06","58942876544","USD","pelicaninstitute.org","","You've watched the video. Now click to stand with us.","https://www.facebook.com/ads/archive/render_ad/?id=25987962101000280&access_token=271036207024410%7Cuyb9rZmfzXkojISiZGxQ-BE97Fo","Pelican Institute for Public Policy"
"25944452798684544","We are going to fight Trump‚Äôs anti-immigration agenda. We‚Äôre not going to label people as illegals, we‚Äôre NOT going to label people as OTHERS, these are people, this is FAMILY.","2018-07-27","2018-07-27","2018-07-30","180208915516105","USD","","","","https://www.facebook.com/ads/archive/render_ad/?id=25944452798684544&access_token=271036207024410%7Cuyb9rZmfzXkojISiZGxQ-BE97Fo","Friends of Wesley Bell, Stephanie Hughes, Treasurer"
"25931302659949885","Stuff their stockings with gifts that are sure to inspire conversation and a smile without breaking the bank!","2019-12-05","2019-12-05",NULL,"293225127381200","USD","patriotdepot.com","","Patriot Depot","https://www.facebook.com/ads/archive/render_ad/?id=25931302659949885&access_token=EAAD2gYjXSRoBANHib7yyqD2c5Odyh2ctnUhfsw7Htn4jqXfnZAQ5P2JAxDPsWvQHChLL3659Jy8kHvzh1wGHbjk0V8Bci8cYO7wHwaQAXu22JT857aasjNiTYsGjZCaYdOJxRNfmAsadrUEZAD1oSQrxZAqlpFr5ZChDafsCxZBcfILHotNdW4","The Patriot Depot"
"25828247970255355","Exciting News for Polk County Homeowners in 2019! The new solar program for Polk County brings in huge savings to all homeowners who qualify. If you are lucky enough to live in an active zip code, you could save big with zero upfront costs. Click on the link below to see if your home location qualifies - checking is FREE!","2019-08-09","2019-08-09",NULL,"145364112948965","USD","homeenergy.guide","","Polk County Company Launches No Initial Cost Solar Program","https://www.facebook.com/ads/archive/render_ad/?id=25828247970255355&access_token=EAAD2gYjXSRoBAG52Qh0n09pqdyLcZA8P1Hh7eOoDG6sqU9u255U8BhoGzAG3PzEt3QbiutaLXGOdnfLzaxh8BR6uY4JpWRcVNrFlgIQ3hloTQmJw76aDpXHNRSs8Yhyu53eDRYy94hazbWc6fdH84weGSw6ZCitOqK05C4ePEYnenPZBZB6s","Home Energy Guide"
"25812448641835288","Right now as you read this, you are currently CONSUMING content. But how much content are you CREATING? 

When you consume content, you lose time and money. But when you create AND share content you can save time and make money!

But you have to know THE RIGHT content to create and share‚Ä¶

To attract people you must be visible. The old way was to create SALES content (such as brochures, sales letters and promotions). 

Today you MUST create EDUCATIONAL content.

When you do this well you can turn your passion into a profit AND create a business doing what you love and a lifestyle you‚Äôll love even more.

To turn YOUR passion into a profit FIRST read these 9 fundamental truths‚Ä¶

Truth No.1
The knowledge, knowhow and experience you have acquired to date is a valuable asset. There are people in the world right now, with money in hand ready to learn how to do what you can already do.

Truth No.2
Everything that happened in your life (good or bad) has happened for a reason. Your experiences have gifted you a unique empathy with people who are facing what you faced. You are now perfectly positioned to help them and be a source of information and inspiration. 

Truth No.3
If you have overcome the pain of failure, rejection or loss, in your personal or professional life you will have learnt valuable lessons. These lessons can be ‚Äòpackaged‚Äô into helpful advice in the forms of articles, posts, blogs, books, home study programs, podcasts, online videos, webinars and workshops. 

Truth No.4
There is an ever-growing number of Freelancers, Advisors, Consultants, Coaches, Therapists, Practitioners, Mentors, Experts, Speakers, Trainers and Seminar Leaders who are going from a total unknown to expert, from expert to an authority, and from an authority to a celebrity in their industry or niche.

Truth No.5
The world has changed and you no longer need to be skilled and experienced and forever allow an employer to capitalise on that knowledge and wisdom whilst you get paid a fraction of what they are making out of you.

Truth No.6
You are living in the information age where it is possible to deliver AND offer your knowhow and expertise online, on a stage or on the small screen of your computer through email, social media and your website.

Truth No.7 
You can reach thousands if not millions of people with your advice and ‚Äúhow to‚Äù information and make a really good living helping other people to get ahead or overcome a personal or professional problem.

Truth No.8 
You don‚Äôt need to be qualified, certified or have letters after your name. Your qualification is your life experiences, your passion for helping others and your determination to make a difference

Truth No.9
You can do this, even if right now you‚Äôre not sure how. (I‚Äôll show you)

My name is Andy Harrington and I am the author of the Sunday Times bestselling book Passion Into Profit and I‚Äôm inviting you (right now in this post) to a very special one-day seminar (FOR FREE) where I will be teaching the concepts that took me from a wannabe to a headline performer at some of the biggest arenas in the world like The London o2 Arena and Wembley (with the likes of Richard Branson, Tony Robbins, Bill Clinton, and Steve Wozniak the Co-Founder of Apple to name but a few)

At this FREE one-day seminar I will show you a model for designing, developing and delivering your unique content in the form of Info Products (such as Audio‚Äôs. Video and Audio Visual). Seminars, Workshops, Advanced Teaching Courses, Preview events, Bootcamps and of course Sunday Times and Amazon bestselling books‚Ä¶!

At this one-day event I will show you how you can become an authority in ANY subject you wish (even if you are just starting out) within just a few months‚Ä¶!

Tickets have (just a few moments ago) become available for my LONDON date and if you are a quick decision maker you‚Äôll be able to secure one for you AND a friend or colleague right now. (they‚Äôll love you for it)

Please note tickets are already being snapped up rapidly and will run out.

Click this link OR the LEARN MORE button for full details","2018-08-01","2018-08-01","2020-02-24","511408785621387","GBP","passionintoprofits.co.uk","Turn Your Passion Into Profit...","He is also the founder of The Professional Speakers Academy that helps business people position, perform and pitch their way to profit. He has shared the stage with the likes of Richard Branson, Tony Robbins and Bill Clinton.","https://www.facebook.com/ads/archive/render_ad/?id=25812448641835288&access_token=EAACXDBbQm8kBAApfkxZADSU9fKfUxbW3ltcEDYmN6OMcvsgClO0NVGkWmULB7X9zjeEfT0NWUjY9w5ufNn2nc8BPi5BNdIAef3sA8sXKI2nViGYo5EZCp07akMfZA7BrGmnbwRFmjOpWmdAkh6eje9232ZAkqzBVx9ejjf4d6fLwaaRDxGrN3gQa99n9ZC9ZCyobHs4vIRFQZDZD",NULL
"25756558720757614","Poland Spring‚Äôs Brookie Buddies program turns classrooms into hatcheries and students into stewards of Maine‚Äôs watersheds.","2019-05-03","2019-05-03","2019-05-31","361270257712719","USD","","","Maine‚Äôs Outdoor Classroom","https://www.facebook.com/ads/archive/render_ad/?id=25756558720757614&access_token=271036207024410%7Cuyb9rZmfzXkojISiZGxQ-BE97Fo","Nestl√© Waters North America"
"25072865999230807","Lac qui Parle County news: Presumed COVID-19 case found in Minnesota state House | Park Rapids Enterprise. Download SmartNews to get the latest Coronavirus news in Lac qui Parle County.","2020-03-25","2020-03-25","2020-03-26","174009339411865","USD","http://play.google.com/store/apps/details?id=jp.go...","Local Lac qui Parle County news","SmartNews is the award-winning news app downloaded by 40+ million readers in 100+ countries! SmartNews analyzes millions of articles every day to deliver the top trending news stories influencing the world right now. SmartNews delivers high-quality news headlines and breaking news from top news publ...","https://www.facebook.com/ads/archive/render_ad/?id=25072865999230807&access_token=EAACXDBbQm8kBAApfkxZADSU9fKfUxbW3ltcEDYmN6OMcvsgClO0NVGkWmULB7X9zjeEfT0NWUjY9w5ufNn2nc8BPi5BNdIAef3sA8sXKI2nViGYo5EZCp07akMfZA7BrGmnbwRFmjOpWmdAkh6eje9232ZAkqzBVx9ejjf4d6fLwaaRDxGrN3gQa99n9ZC9ZCyobHs4vIRFQZDZD","SmartNews International, Inc."
"25048420394904787","Help end hunger and homelessness when you register for the Freeze Out 5K being held Friday, February 15, at the SRC Arena at OCC. Learn more about this Fun, Glow-in-the-Dark Night Run at FreezeOut5K.com! #freezeout5k #nightrun #glowtastic #bringonthebling #rmlifechanging","2019-01-08","2019-01-08","2019-02-11","279126461727","USD","","","","https://www.facebook.com/ads/archive/render_ad/?id=25048420394904787&access_token=271036207024410%7Cuyb9rZmfzXkojISiZGxQ-BE97Fo","Rescue Mission Alliance"
"25012797185237689","Amy has reached EVERY donor threshold set out by the DNC, but it‚Äôs very likely it will keep increasing in the future. We have momentum on our side, but we need your help: Chip in to help us reach 300,000 unique donors and make sure even more people hear Amy‚Äôs message!","2020-01-14","2020-01-14","2020-01-28","7606381190","USD","secure.actblue.com","Donate to stand with Amy!",NULL,"https://www.facebook.com/ads/archive/render_ad/?id=25012797185237689&access_token=EAAhZBQYQVMRMBAMso0s3yKiWOLJDd6YhYI8hZBSxBnhAfZAp7DaUGOGpSgJiPzVjaLygZCpzqVrVZAEiKnoNAJIcfIhSOGhLVO3qREeFMxlB0O4YnOsFtxFVXRWyY5JbnKEsgQqQBONG2VbAQdZCGxCObz2qJxOksZD","AMY FOR AMERICA"
"24776558118861598","Corporate money into our campaigns poisons our democracy. I'm not taking a dime of corporate PAC money. Period. I‚Äôm going to do this as a grassroots effort from folks here in Arizona and across the country. 

Make a donation before our upcoming end-of-quarter deadline.","2019-03-25","2019-03-25","2019-03-31","163148530407080","USD","secure.actblue.com","","üö®üö®URGENT DEADLINE: CHIP IN TODAYüö®üö®","https://www.facebook.com/ads/archive/render_ad/?id=24776558118861598&access_token=245896836130201%7CpbyRnfMQLWKShIkhNms7iEYKL0w","Mark Kelly for Senate"
"24756789884171755","Trump Declares National Emergency Over Southern Border. WE ARE GOING TO BUILD A WALL!

Get Your FREE 3x5 Trump 2020 Keep America Great Flag

Help Support TRUMP's 2020 Campaign With This Beuatiful FREE Flag, Act Fast This Offer Is Only Good While Supplies Last!","2019-02-18","2019-02-18",NULL,"235647820117497","USD","bit.ly","","Get Your FREE Trump 2020 Keep America Great Flag","https://www.facebook.com/ads/archive/render_ad/?id=24756789884171755&access_token=271036207024410%7Cuyb9rZmfzXkojISiZGxQ-BE97Fo","JAAR LEGACY HOLDINGS"
"24574114752439270","In 1860, the Left's target was Lincoln. They smeared him, they went to war to defeat him, and in the end, they assassinated him. Now, their target is President Donald J. Trump.

tickets.deathofanationmovie.com","2018-07-26","2018-07-26",NULL,"216709768355686","USD","Tickets.DeathOfANationMovie.com","","MUST SEE: ""Death of a Nation"" in theaters August 3!","https://www.facebook.com/ads/archive/render_ad/?id=24574114752439270&access_token=271036207024410%7Cuyb9rZmfzXkojISiZGxQ-BE97Fo","Dinesh D'Souza"
"24519917100943304","Benbrook news: Tarrant County Officials Announce ‚ÄòStay At Home‚Äô Orders To Combat Spread Of Coronavirus. Download SmartNews to get the latest Coronavirus news in Benbrook.","2020-03-31","2020-03-31","2020-04-02","174009339411865","USD","http://play.google.com/store/apps/details?id=jp.go...","Local Benbrook news","SmartNews is the award-winning news app downloaded by 40+ million readers in 100+ countries! SmartNews analyzes millions of articles every day to deliver the top trending news stories influencing the world right now. SmartNews delivers high-quality news headlines and breaking news from top news publ...","https://www.facebook.com/ads/archive/render_ad/?id=24519917100943304&access_token=EAACXDBbQm8kBAApfkxZADSU9fKfUxbW3ltcEDYmN6OMcvsgClO0NVGkWmULB7X9zjeEfT0NWUjY9w5ufNn2nc8BPi5BNdIAef3sA8sXKI2nViGYo5EZCp07akMfZA7BrGmnbwRFmjOpWmdAkh6eje9232ZAkqzBVx9ejjf4d6fLwaaRDxGrN3gQa99n9ZC9ZCyobHs4vIRFQZDZD","SmartNews International, Inc."
"24478040942209131","Donald Trump attacks reproductive rights and restricts access. Mike Bloomberg is 100% pro-choice and will defend our rights.","2020-01-28","2020-01-28","2020-01-30","6756153498","USD","www.mikebloomberg.com","Protect Choice","Mike Will Get It Done","https://www.facebook.com/ads/archive/render_ad/?id=24478040942209131&access_token=EAAhZBQYQVMRMBAMso0s3yKiWOLJDd6YhYI8hZBSxBnhAfZAp7DaUGOGpSgJiPzVjaLygZCpzqVrVZAEiKnoNAJIcfIhSOGhLVO3qREeFMxlB0O4YnOsFtxFVXRWyY5JbnKEsgQqQBONG2VbAQdZCGxCObz2qJxOksZD","Mike Bloomberg 2020 Inc"
"24450823251331174","New Jersey District 07: We need all hands on deck in the mid-term elections to ensure we keep our majorities in Congress. Will you commit to vote on November 6th for Republicans?","2018-10-15","2018-10-15","2018-11-06","123192635089","USD","VOTE.GOP","","Commit to Vote >>> vote.gop","https://www.facebook.com/ads/archive/render_ad/?id=24450823251331174&access_token=245896836130201%7CpbyRnfMQLWKShIkhNms7iEYKL0w","the Republican National Committee"
"24381212575062823","Look At #20...Why Would Anyone Stay With Him After THAT?","2018-06-25","2018-06-25",NULL,"1340186812659728","USD","truthexam.com","","PRESIDENTIAL PARASITE: 25 Awful Things Trump Has Done To His Wives","https://www.facebook.com/ads/archive/render_ad/?id=24381212575062823&access_token=271036207024410%7Cuyb9rZmfzXkojISiZGxQ-BE97Fo","Massoumi Web Holdings LLC"
"24311406488710099","üèÜLive.me is a top live broadcasting video chat app across the world in more than 85 countries. Download it NOW, enjoy the fabulous shows!","2018-05-28","2018-05-28",NULL,"470635183138971","USD","play.google.com","","LiveMe - Video chat, new friends, and make money","https://www.facebook.com/ads/archive/render_ad/?id=24311406488710099&access_token=271036207024410%7Cuyb9rZmfzXkojISiZGxQ-BE97Fo",""
"24237913022888592","Compromise is increasingly portrayed by activists on both sides as capitulation.","2019-01-24","2019-01-24","2019-04-30","14660729657","USD","csmonitor.com","","With no deal in sight, shutdown reveals depth of ‚Äòtrust deficit‚Äô","https://www.facebook.com/ads/archive/render_ad/?id=24237913022888592&access_token=271036207024410%7Cuyb9rZmfzXkojISiZGxQ-BE97Fo","The Christian Science Monitor, an international news organization"
"9360994414062448","Do something magical for local wildlife this Boxing Day ‚Äì take part in The Big Winter Wander for WWF üêº

By organising a local walk for friends and family, you can raise vital funds to protect wildlife in the UK and around the world.","2019-12-03","2019-12-03","2019-12-26","311627208673","GBP",NULL,"Join The Big Winter Wander for WWF","This Boxing Day, bring everyone closer together and to nature.","https://www.facebook.com/ads/archive/render_ad/?id=9360994414062448&access_token=EAAhZBQYQVMRMBAMso0s3yKiWOLJDd6YhYI8hZBSxBnhAfZAp7DaUGOGpSgJiPzVjaLygZCpzqVrVZAEiKnoNAJIcfIhSOGhLVO3qREeFMxlB0O4YnOsFtxFVXRWyY5JbnKEsgQqQBONG2VbAQdZCGxCObz2qJxOksZD","WWF UK"
"9325799954148514","God bless President Trump. Show the world who you support with this patriotic t-shirt! Free Shipping & Made in the USA! üá∫üá∏üá∫üá∏üá∫üá∏","2020-03-19","2020-03-19","2020-03-20","1487587521541634","USD","store.ilovemyfreedom.org","Jesus Is My Savior - Trump Is My President Shirt!","Made in the USA!","https://www.facebook.com/ads/archive/render_ad/?id=9325799954148514&access_token=EAACXDBbQm8kBAApfkxZADSU9fKfUxbW3ltcEDYmN6OMcvsgClO0NVGkWmULB7X9zjeEfT0NWUjY9w5ufNn2nc8BPi5BNdIAef3sA8sXKI2nViGYo5EZCp07akMfZA7BrGmnbwRFmjOpWmdAkh6eje9232ZAkqzBVx9ejjf4d6fLwaaRDxGrN3gQa99n9ZC9ZCyobHs4vIRFQZDZD","I Love My Freedom"
"9297042016990727","Lifesaving medicines gave Tez a chance to live. Access to medicine isn't a right or left issue. It's a human issue.","2020-02-21","2020-02-21","2020-03-01","172758932738142","USD","fb.me","Demand a Better System.","Take Action Now","https://www.facebook.com/ads/archive/render_ad/?id=9297042016990727&access_token=EAAhZBQYQVMRMBAMso0s3yKiWOLJDd6YhYI8hZBSxBnhAfZAp7DaUGOGpSgJiPzVjaLygZCpzqVrVZAEiKnoNAJIcfIhSOGhLVO3qREeFMxlB0O4YnOsFtxFVXRWyY5JbnKEsgQqQBONG2VbAQdZCGxCObz2qJxOksZD","PHARMACEUTICAL RESEARCH AND MANUFACTURERS OF AMERICA"
"9144239269071298","WOW! Stacey Abrams STUNNED us with her Democratic response to the State of the Union. She called out Trump for orchestrating a SHAMEFUL government shutdown that left 8OO,OOO federal workers without pay. Now sources are saying Stacey may SERIOUSLY run for U.S. Senate! We need Stacey‚Äôs leadership now more than ever.

Contribute to Georgia's 2020 Senate Nominee Fund and do your part to elect Stacey Abrams >>","2019-02-21","2019-02-21","2019-03-15","830121337093232","USD","secure.actblue.com","","Stacey Abrams For Senate: Donate Now!","https://www.facebook.com/ads/archive/render_ad/?id=9144239269071298&access_token=245896836130201%7CpbyRnfMQLWKShIkhNms7iEYKL0w","the National Democratic Training Committee"
"9109573789204513","Why don't more women in VIRGINIA know about this tool? Plan F is the most popular Medicare Supplement plan, but our simple 5 question quiz could help match you to a better option. Take it here.","2019-01-02","2019-01-02","2019-05-31","527206590648824","USD","medicaresupplement.com","","Women Born Before 1955: Don't Pay for Medigap Plan F Until You Take This Quiz","https://www.facebook.com/ads/archive/render_ad/?id=9109573789204513&access_token=245896836130201%7CpbyRnfMQLWKShIkhNms7iEYKL0w","TZ Insurance Solutions"
"9080256385469587","If Congress heads home before passing a farm bill,  public access and quality habitat will face a major setback in the new year. Sign the petition and tell Congress we need a farm bill in 2018.","2018-11-27","2018-11-27",NULL,"24481937944","USD","trcp.org","","Sign the Petition Before it's Too Late","https://www.facebook.com/ads/archive/render_ad/?id=9080256385469587&access_token=271036207024410%7Cuyb9rZmfzXkojISiZGxQ-BE97Fo","the Theodore Roosevelt Conservation Partnership"
"9056110171217542","We have a new survey for residents of California. Please click the link below to share your thoughts.","2018-10-19","2018-10-19","2018-10-25","2005241066419273","USD","surveymonkey.com","","California, What Do You Think?","https://www.facebook.com/ads/archive/render_ad/?id=9056110171217542&access_token=271036207024410%7Cuyb9rZmfzXkojISiZGxQ-BE97Fo","California Citizens"
"8850968574964990","Exciting News for Macon County Homeowners in 2019! The new solar program for Macon County brings in huge savings to all homeowners who qualify. If you are lucky enough to live in an active zip code, you could save big with zero upfront costs. Click on the link below to see if your home location qualifies - checking is FREE!","2019-08-09","2019-08-09",NULL,"145364112948965","USD","fb.me","","Macon County Company Launches No Initial Cost Solar Program","https://www.facebook.com/ads/archive/render_ad/?id=8850968574964990&access_token=EAAD2gYjXSRoBAG52Qh0n09pqdyLcZA8P1Hh7eOoDG6sqU9u255U8BhoGzAG3PzEt3QbiutaLXGOdnfLzaxh8BR6uY4JpWRcVNrFlgIQ3hloTQmJw76aDpXHNRSs8Yhyu53eDRYy94hazbWc6fdH84weGSw6ZCitOqK05C4ePEYnenPZBZB6s","Home Energy Guide"
"8776285395756651","Everyone who enters before MIDNIGHT will have their name entered TWICE to win dinner with me in LA. My team will cover your flight, hotel room, and dinner for you and a guest. We'll even take a picture together. Please contribute before 11:59 PM TONIGHT to get your name DOUBLE-ENTERED to win dinner with me.","2020-02-11","2020-02-11","2020-02-11","153080620724","USD","www.donaldjtrump.com/donate","THE TRIP OF A LIFETIME","DONATE NOW >>>","https://www.facebook.com/ads/archive/render_ad/?id=8776285395756651&access_token=EAACXDBbQm8kBAApfkxZADSU9fKfUxbW3ltcEDYmN6OMcvsgClO0NVGkWmULB7X9zjeEfT0NWUjY9w5ufNn2nc8BPi5BNdIAef3sA8sXKI2nViGYo5EZCp07akMfZA7BrGmnbwRFmjOpWmdAkh6eje9232ZAkqzBVx9ejjf4d6fLwaaRDxGrN3gQa99n9ZC9ZCyobHs4vIRFQZDZD","DONALD J. TRUMP FOR PRESIDENT, INC."
"8548583098536874","‚úÖ ATTENTION NEVADA HOMEOWNERS:

There is a new policy just signed. The new Gov. Steve Sisolak will release $15 million solar incentives for keeping supporting NV home solar expansion. If you are lucky enough to live in an active zip code, you can get paid to go solar. Check it out and see if you qualify!","2019-02-13","2019-02-13",NULL,"2090552644338565","USD","fb.me","","Nevada Government Set To Give Solar Panels To Homeowners At No Cost Down","https://www.facebook.com/ads/archive/render_ad/?id=8548583098536874&access_token=271036207024410%7Cuyb9rZmfzXkojISiZGxQ-BE97Fo","County Solar Programs"
"8493703844014809","üö® ATTENTION TRUMP SUPPORTERS! üö®

Beat the Holiday RUSH! Secure the greatest gifts in American history! Normally $39.99, but today only Buy 1 Get 2 Free! 

Grab Yours Here: http://bit.ly/B1G2TUMBLERS","2019-10-09","2019-10-09",NULL,"429415614129088","USD","fullystitched.com","","‚ûú Buy 1 Get 2 Free ‚ûú CODE: ""TP2020""","https://www.facebook.com/ads/archive/render_ad/?id=8493703844014809&access_token=EAAD2gYjXSRoBANHib7yyqD2c5Odyh2ctnUhfsw7Htn4jqXfnZAQ5P2JAxDPsWvQHChLL3659Jy8kHvzh1wGHbjk0V8Bci8cYO7wHwaQAXu22JT857aasjNiTYsGjZCaYdOJxRNfmAsadrUEZAD1oSQrxZAqlpFr5ZChDafsCxZBcfILHotNdW4","Fully Stitched "
"8407516105976908","At Ocean Conservancy we're celebrating Manatee Awareness Month all November! Become a monthly donor of $20+ to receive a free manatee t-shirt & plush.","2018-11-08","2018-11-08",NULL,"102592959026","USD","donate.oceanconservancy.org","","Get a Free Manatee T-Shirt & Plush - Donate Today","https://www.facebook.com/ads/archive/render_ad/?id=8407516105976908&access_token=245896836130201%7CpbyRnfMQLWKShIkhNms7iEYKL0w","Ocean Conservancy"
"8383573228371196","Nobody has ever done so much in the first two years of a presidency. We‚Äôve made HUGE progress since I took office. I love this country and its people too much to let Democrats destroy it, but I need your help. I need YOU to sign your name to my list of supporters now. 

SHOW YOUR SUPPORT TODAY.","2018-10-24","2018-10-24",NULL,"153080620724","USD","donaldjtrump.com","","STAND WITH ME >>>","https://www.facebook.com/ads/archive/render_ad/?id=8383573228371196&access_token=245896836130201%7CpbyRnfMQLWKShIkhNms7iEYKL0w","the Trump Make America Great Again Committee"
"8279038538824666","Thank you for your support, Governor Mark Dayton.

""When I campaigned for governor eight years ago, I promised ‚ÄúA Better Minnesota.‚Äù By many measures, we have made important progress, but there is still more work to be done. In November‚Äôs general election, Minnesotans will be faced with a clear choice: Do we want to move forward or go backward?

""For everyone who wants to move ahead, Erin Murphy will provide the best possible leadership to establish and achieve new goals, to overcome unforeseeable obstacles and to bring all of us together rather than tear us apart. After all of the campaign promises, the success of a governor depends upon the person. I urge all of us to ask ourselves: Whom can we most trust to hold true their principles, values and convictions? Who has the vision for the best Minnesota we can be? And who has the most clearly proven record of leadership and achievement in state government?

""By those standards, I strongly believe that Erin Murphy will be the best governor to lead the nationally recognized ‚ÄúBest State in the Nation‚Äù to even greater future successes. Please join me in voting for Erin Murphy for governor in the Aug. 14 primary.""

Click below to read the complete endorsement.","2018-08-09","2018-08-09","2018-08-13","36125271715","USD","startribune.com","","Editorial counterpoint from Mark Dayton: I support Erin Murphy for governor","https://www.facebook.com/ads/archive/render_ad/?id=8279038538824666&access_token=245896836130201%7CpbyRnfMQLWKShIkhNms7iEYKL0w","Murphy for Minnesota, PO Box 40036, St. Paul, MN 55104"
"8090419231009941","Do you support strategic investments to keep college affordable? Let your legislator know!","2019-02-15","2019-02-15","2019-02-18","527205817671220","USD","growth4va.com","","Support Affordable Higher Education","https://www.facebook.com/ads/archive/render_ad/?id=8090419231009941&access_token=245896836130201%7CpbyRnfMQLWKShIkhNms7iEYKL0w","Growth4VA"
"7782011395184061","Massachusetts can get more of its electricity from renewable sources like wind and solar. It‚Äôs something we can all get behind. We just need our lawmakers to take action. Tell your representatives: ‚ÄúYes on renewable energy. Yes on the RPS bill.‚Äù","2018-07-20","2018-07-20","2018-07-31","528936263861906","USD","","","","https://www.facebook.com/ads/archive/render_ad/?id=7782011395184061&access_token=271036207024410%7Cuyb9rZmfzXkojISiZGxQ-BE97Fo","Environmental League of Massachusetts Action Fund"
"7333142227090447","Melrose Park news: $1.5 Billion In Coronavirus Relief Likely Coming To Chicago From Federal Stimulus. Download SmartNews to get the latest Coronavirus news in Melrose Park.","2020-04-12","2020-04-12","2020-04-13","174009339411865","USD","https://apps.apple.com/us/app/smartnews-local-brea...","Local Melrose Park news","‚ÄéSmartNews is the award-winning news app downloaded by 40+ million readers in 100+ countries! SmartNews analyzes millions of articles every day to deliver the top trending news stories influencing the world right now. News From All Sides! SmartNews delivers high-quality news headlines and breaking...","https://www.facebook.com/ads/archive/render_ad/?id=7333142227090447&access_token=EAACXDBbQm8kBADin06orcYFM7Wrd9xBVKdse37dCcIhuX2oZBt1ymegZBXDB6UXX5BYTXZBzEva8yxZBMpz6YZAMUouEHCrERvyeMmz5QSAu9ykrlLUily7xlml6MJiU5dmG5yhJAOKQpn6mi8tQ6Lg6bZAkcUESIyrynfRsUx7ZBJNgPYeYfAgHHe6QjRn6SoVHN43dZAJZBLwZDZD","SmartNews International, Inc."
"7257143357661691","Woodland Park News: Passaic judge accused of appointing friend, then concealing ties in $600,000 estate case. Install SmartNews to read more!","2020-01-08","2020-01-08","2020-01-30","174009339411865","USD","http://play.google.com/store/apps/details?id=jp.go...","Local Woodland Park News","SmartNews is the award-winning news app downloaded by 40+ million readers in 100+ countries! SmartNews analyzes millions of articles every day to deliver the top trending news stories influencing the world right now. SmartNews delivers high-quality news headlines and breaking news from top news publ...","https://www.facebook.com/ads/archive/render_ad/?id=7257143357661691&access_token=EAAhZBQYQVMRMBAMso0s3yKiWOLJDd6YhYI8hZBSxBnhAfZAp7DaUGOGpSgJiPzVjaLygZCpzqVrVZAEiKnoNAJIcfIhSOGhLVO3qREeFMxlB0O4YnOsFtxFVXRWyY5JbnKEsgQqQBONG2VbAQdZCGxCObz2qJxOksZD","SmartNews International, Inc."
"7252725525132118","As Trump would say ""Impeach This!"" Available for a limited time only. Click Shop Now to order.","2019-12-14","2019-12-14","2020-01-30","100391988083233","USD","triggeredfreedom.com","Trump - Impeach This!","Click Shop Now","https://www.facebook.com/ads/archive/render_ad/?id=7252725525132118&access_token=EAAhZBQYQVMRMBAMso0s3yKiWOLJDd6YhYI8hZBSxBnhAfZAp7DaUGOGpSgJiPzVjaLygZCpzqVrVZAEiKnoNAJIcfIhSOGhLVO3qREeFMxlB0O4YnOsFtxFVXRWyY5JbnKEsgQqQBONG2VbAQdZCGxCObz2qJxOksZD","Triggered Freedom Apparel"
"7231198023951535","As President Trump Gets The Job Done for YOU, The Democrats have done NOTHING besides waste MILLIONS of YOUR taxpayer dollars üíµ on another partisan witch hunt ü§¶‚Äç‚ôÄÔ∏è

The Democrats know they can‚Äôt compete with President Trump, so they try to Impeach!

üõë STOP IMPEACHMENT NOW üõë","2019-11-16","2019-11-16",NULL,"242077219243971","USD","","","","https://www.facebook.com/ads/archive/render_ad/?id=7231198023951535&access_token=EAAD2gYjXSRoBANHib7yyqD2c5Odyh2ctnUhfsw7Htn4jqXfnZAQ5P2JAxDPsWvQHChLL3659Jy8kHvzh1wGHbjk0V8Bci8cYO7wHwaQAXu22JT857aasjNiTYsGjZCaYdOJxRNfmAsadrUEZAD1oSQrxZAqlpFr5ZChDafsCxZBcfILHotNdW4","The Presidential Coalition"
"7137505499625478","Esta temporada Navide√±a, al donar $240 para una cirug√≠a estar√°s cambiando el doble de vidas. Desde ahora hasta Giving Tuesday, tu donaci√≥n se duplicar√° para brindar intervenciones quir√∫rgicas seguras, sonrisas nuevas y futuros nuevos para el doble de ni√±os con hendiduras faciales.","2019-12-01","2019-12-01",NULL,"121626482110","USD","espanol.operationsmile.org","","Da una cirug√≠a que cambia la vida.","https://www.facebook.com/ads/archive/render_ad/?id=7137505499625478&access_token=EAAD2gYjXSRoBANHib7yyqD2c5Odyh2ctnUhfsw7Htn4jqXfnZAQ5P2JAxDPsWvQHChLL3659Jy8kHvzh1wGHbjk0V8Bci8cYO7wHwaQAXu22JT857aasjNiTYsGjZCaYdOJxRNfmAsadrUEZAD1oSQrxZAqlpFr5ZChDafsCxZBcfILHotNdW4","OPERATION SMILE, INC."
"7110281162328215","Candidate for State Representative- 88th District","2020-01-07","2020-01-07","2020-01-12","114887819963961","USD","www.facebook.com","Monteia Mundy for State Representative","Candidate for State Representative- 88th District ","https://www.facebook.com/ads/archive/render_ad/?id=7110281162328215&access_token=EAAhZBQYQVMRMBAMso0s3yKiWOLJDd6YhYI8hZBSxBnhAfZAp7DaUGOGpSgJiPzVjaLygZCpzqVrVZAEiKnoNAJIcfIhSOGhLVO3qREeFMxlB0O4YnOsFtxFVXRWyY5JbnKEsgQqQBONG2VbAQdZCGxCObz2qJxOksZD","Monteia Dennine Mundy"
"7078316515906354","GUN CONTROLS ARE COMING! First Democrats took back Congress! Next they're going to BAN the TIMESAVER LAW That Lets You Qualify ONLINE to Carry Concealed! 

Jump on the 2018 LOOPHOLE that has enabled 3 MILLION+ U.S. üá∫üá∏ citizens and residents eligibility to Carry Concealed legally! Do it NOW before TIME RUNS OUT ON YOUR RIGHT TO CARRY ‚Üí www.qualifyusa.com/qualify-now/

TOMORROW IS TOO LATE -- ACT NOW BEFORE THE LAW GETS REVOKED!

Get the Required Training for FREE today!

Answer 6 Simple Questions on your mobile phone or computer to Get Started for FREE --> www.qualifyusa.com/qualify-now/","2019-02-13","2019-02-13",NULL,"303146603644423","USD","qualifyusa.com","","Carry Legally in Your State","https://www.facebook.com/ads/archive/render_ad/?id=7078316515906354&access_token=245896836130201%7CpbyRnfMQLWKShIkhNms7iEYKL0w","Qualify USA"
"7055306037864379","Our fight against climate change can‚Äôt afford another four years of Trump. That's why Mike Bloomberg is running for president ‚Äî to confront climate change head-on and pass on a better planet for future generations.","2020-02-04","2020-02-04","2020-02-13","6756153498","USD","www.mikebloomberg.com","Stop. Climate. Change.","Mike Will Get It Done","https://www.facebook.com/ads/archive/render_ad/?id=7055306037864379&access_token=EAAhZBQYQVMRMBAMso0s3yKiWOLJDd6YhYI8hZBSxBnhAfZAp7DaUGOGpSgJiPzVjaLygZCpzqVrVZAEiKnoNAJIcfIhSOGhLVO3qREeFMxlB0O4YnOsFtxFVXRWyY5JbnKEsgQqQBONG2VbAQdZCGxCObz2qJxOksZD","Mike Bloomberg 2020 Inc"
"7028217760649734","Every Texan who is willing to work hard should have the economic opportunity and a fair shot at earning a living wage in a safe environment. That starts with a $15 minimum wage for Texas workers. Join us, and let's make it happen.","2020-01-01","2020-01-01","2020-01-30","509158416085987","USD","Sharon4TX.com/Issues","Let's finish what we started.","Join the team at Sharon4TX.com","https://www.facebook.com/ads/archive/render_ad/?id=7028217760649734&access_token=EAAhZBQYQVMRMBAMso0s3yKiWOLJDd6YhYI8hZBSxBnhAfZAp7DaUGOGpSgJiPzVjaLygZCpzqVrVZAEiKnoNAJIcfIhSOGhLVO3qREeFMxlB0O4YnOsFtxFVXRWyY5JbnKEsgQqQBONG2VbAQdZCGxCObz2qJxOksZD","Sharon Hirsch Campaign"
"7025006007904072","Seinfeld/Costanza: ""A campaign about nothing""

Go Here: https://www.thedudetees.com/nothing

(There are whisperings of a Jackie Chiles AG)","2018-10-20","2018-10-20",NULL,"1234251319933440","USD","","","","https://www.facebook.com/ads/archive/render_ad/?id=7025006007904072&access_token=245896836130201%7CpbyRnfMQLWKShIkhNms7iEYKL0w","The Dude's Designs"
"7021328188271854","Knowing he wanted to serve others, Kyle entered the nonprofit industry to help families suffering from homelessness. While working with vulnerable populations Kyle discovered his passion for medicine and helping people in their most difficult times.  This led him to pursue his nursing degree. Kyle works in the emergency department collaborating to save patient lives.‚Äã","2018-10-09","2018-10-09","2018-11-06","272195920070392","USD","QualityHealthcareForCO.com/Mullica","","Vote for Kyle Mullica for State Representative.","https://www.facebook.com/ads/archive/render_ad/?id=7021328188271854&access_token=271036207024410%7Cuyb9rZmfzXkojISiZGxQ-BE97Fo","Assuring Quality Healthcare Access for Colorado. Registered agent Shelyce Foster. Not authorized by any candidate."
"7018471325224207","Due to a force called the ‚Äúequally worthy claim,‚Äù entitlement programs inevitably grow over time. Today, they make up more than three times what our government spends on defense. Watch ‚ÄúThe High Cost of Good Intentions‚Äù to learn more about how entitlements got so out of control, and what it will take to rein them back in. https://bit.ly/2zrhw9v","2018-09-25","2018-09-25","2018-10-25","971668776283950","USD","","","The High Cost of Good Intentions","https://www.facebook.com/ads/archive/render_ad/?id=7018471325224207&access_token=271036207024410%7Cuyb9rZmfzXkojISiZGxQ-BE97Fo",""
"7015112775560062","The ‚Äúpro-life‚Äù movement is trying to co-opt the term ‚Äúfeminist‚Äù for their own purposes - but we know better. ‚ÄúPro-life‚Äù feminism is fake. Share if you agree!","2018-09-18","2018-09-18","2018-10-18","206677396413254","USD","","","","https://www.facebook.com/ads/archive/render_ad/?id=7015112775560062&access_token=271036207024410%7Cuyb9rZmfzXkojISiZGxQ-BE97Fo","Abortion On Our Own Terms"
"6967195103303489","Let's end the chaos and uncertainty and make Parliament work for you again.","2019-12-01","2019-12-01","2020-01-29","8807334278","GBP","VOTE.CONSERVATIVES.COM","End the chaos. Vote Conservative.","Get Parliament working for you again","https://www.facebook.com/ads/archive/render_ad/?id=6967195103303489&access_token=EAAhZBQYQVMRMBAMso0s3yKiWOLJDd6YhYI8hZBSxBnhAfZAp7DaUGOGpSgJiPzVjaLygZCpzqVrVZAEiKnoNAJIcfIhSOGhLVO3qREeFMxlB0O4YnOsFtxFVXRWyY5JbnKEsgQqQBONG2VbAQdZCGxCObz2qJxOksZD","The Conservative Party"
"6928972693792397","Show that you're with us by chipping in and becoming a debate donor! As a thank you, we'll send you our newest, limited edition sticker highlighting our campaign values.","2019-11-20","2019-11-20",NULL,"1039701332716228","USD","secure.actblue.com","","Be a Debate Donor","https://www.facebook.com/ads/archive/render_ad/?id=6928972693792397&access_token=EAAD2gYjXSRoBANHib7yyqD2c5Odyh2ctnUhfsw7Htn4jqXfnZAQ5P2JAxDPsWvQHChLL3659Jy8kHvzh1wGHbjk0V8Bci8cYO7wHwaQAXu22JT857aasjNiTYsGjZCaYdOJxRNfmAsadrUEZAD1oSQrxZAqlpFr5ZChDafsCxZBcfILHotNdW4","PETE FOR AMERICA, INC."
"6912535905551254","Get hot selfies and follow the intriguing storyline of Passion Puzzle!","2019-08-30","2019-08-30",NULL,"264197954473552","USD","itunes.apple.com","","üî•!PLAY FOR FREE!üî•","https://www.facebook.com/ads/archive/render_ad/?id=6912535905551254&access_token=EAAD2gYjXSRoBANHib7yyqD2c5Odyh2ctnUhfsw7Htn4jqXfnZAQ5P2JAxDPsWvQHChLL3659Jy8kHvzh1wGHbjk0V8Bci8cYO7wHwaQAXu22JT857aasjNiTYsGjZCaYdOJxRNfmAsadrUEZAD1oSQrxZAqlpFr5ZChDafsCxZBcfILHotNdW4",""
"6910041429018857","""Ocasio-Cortez said the sort of neighborliness she had seen in Iowa was also at the heart of Sanders‚Äô agenda, and that he stands for a politics of loving thy neighbor.

'To me, that‚Äôs what policies like Medicare-for-all are all about,' she said. 'To me, ending police brutality in America is loving thy neighbor. To me, ending a brutal policy of caging children and their parents is about loving thy neighbor. To me, a living wage is loving thy neighbor.'""","2019-11-15","2019-11-15","2019-11-21","124955570892789","USD","littlevillagemag.com","","In Coralville, Sanders and Ocasio-Cortez advocate for ‚Äòloving thy neighbor,‚Äô disrupting the establishment","https://www.facebook.com/ads/archive/render_ad/?id=6910041429018857&access_token=EAAD2gYjXSRoBANHib7yyqD2c5Odyh2ctnUhfsw7Htn4jqXfnZAQ5P2JAxDPsWvQHChLL3659Jy8kHvzh1wGHbjk0V8Bci8cYO7wHwaQAXu22JT857aasjNiTYsGjZCaYdOJxRNfmAsadrUEZAD1oSQrxZAqlpFr5ZChDafsCxZBcfILHotNdW4","BERNIE 2020"
"6872804843038923","I‚Äôve got a message for Mitch McConnell and I need you to add your name so he hears all of us loud and clear: do not sabotage the impeachment process.","2019-10-13","2019-10-13","2019-10-23","124955570892789","USD","act.berniesanders.com","","Sign our impeachment petition to McConnell","https://www.facebook.com/ads/archive/render_ad/?id=6872804843038923&access_token=EAAD2gYjXSRoBANHib7yyqD2c5Odyh2ctnUhfsw7Htn4jqXfnZAQ5P2JAxDPsWvQHChLL3659Jy8kHvzh1wGHbjk0V8Bci8cYO7wHwaQAXu22JT857aasjNiTYsGjZCaYdOJxRNfmAsadrUEZAD1oSQrxZAqlpFr5ZChDafsCxZBcfILHotNdW4","Bernie 2020."
"6828975240458810","Tomorrow is the last day for bringing in contributions before the final pre-election finance reporting. Can you help push my numbers and help with securing more ads at the last minute? $10/ad for the radio! voteforvicky.com or paypal.me/friendsofvickyrose","2019-10-25","2019-10-25","2019-10-27","1249645485192592","USD","","","","https://www.facebook.com/ads/archive/render_ad/?id=6828975240458810&access_token=EAAD2gYjXSRoBANHib7yyqD2c5Odyh2ctnUhfsw7Htn4jqXfnZAQ5P2JAxDPsWvQHChLL3659Jy8kHvzh1wGHbjk0V8Bci8cYO7wHwaQAXu22JT857aasjNiTYsGjZCaYdOJxRNfmAsadrUEZAD1oSQrxZAqlpFr5ZChDafsCxZBcfILHotNdW4","Friends of Vicky Rose"
"6814948471976665","Poole & Shaffery, LLP can provide your employees with an effective, engaging in-person sexual harassment training using real-life scenarios with real-life solutions. Our trainings comply with state law and are renowned by our clients. Contact us to learn more.","2019-04-16","2019-04-16",NULL,"599483006730144","USD","pooleshaffery.com","","Protection For Employers","https://www.facebook.com/ads/archive/render_ad/?id=6814948471976665&access_token=271036207024410%7Cuyb9rZmfzXkojISiZGxQ-BE97Fo","Poole & Shaffery, LLP"
"6800934773282554","The way we think about politics is changing. Shouldn‚Äôt political reporting move with it? 

As independent journalists, we explore the 2020 candidates and their policy proposals without fear or partisan favor. Instead of the horse race, The Intercept brings you original perspectives and investigative journalism that you trust. Subscribe today.","2019-08-09","2019-08-09","2019-09-03","619459291436461","USD","fb.me","","A new way to talk about politics. Sign up for the Newsletter.","https://www.facebook.com/ads/archive/render_ad/?id=6800934773282554&access_token=EAAD2gYjXSRoBAG52Qh0n09pqdyLcZA8P1Hh7eOoDG6sqU9u255U8BhoGzAG3PzEt3QbiutaLXGOdnfLzaxh8BR6uY4JpWRcVNrFlgIQ3hloTQmJw76aDpXHNRSs8Yhyu53eDRYy94hazbWc6fdH84weGSw6ZCitOqK05C4ePEYnenPZBZB6s","The Intercept"
"6769604576511055","I'm running for President in 2020. Will you join our fight to take back the White House?","2019-02-04","2019-02-04","2019-02-11","24413227922","USD","kamalaharris.org","","Add Your Name","https://www.facebook.com/ads/archive/render_ad/?id=6769604576511055&access_token=245896836130201%7CpbyRnfMQLWKShIkhNms7iEYKL0w","Kamala Harris For The People"
"6759209530807366","Support The Dude‚Äôs Dude: Governor Steve Bullock. 

As the only Governor left in the race and the only candidate that won a Trump state, we need to have Gov. Steve Bullock‚Äôs voice on the debate stage. 

Don‚Äôt just abide, donate ‚Üí","2019-09-20","2019-09-20",NULL,"287826573681","USD","secure.actblue.com","","Chip In -- Even If It‚Äôs Just A Buck!","https://www.facebook.com/ads/archive/render_ad/?id=6759209530807366&access_token=EAAD2gYjXSRoBANHib7yyqD2c5Odyh2ctnUhfsw7Htn4jqXfnZAQ5P2JAxDPsWvQHChLL3659Jy8kHvzh1wGHbjk0V8Bci8cYO7wHwaQAXu22JT857aasjNiTYsGjZCaYdOJxRNfmAsadrUEZAD1oSQrxZAqlpFr5ZChDafsCxZBcfILHotNdW4","Bullock for President"
"6689862494485264","LIMITED EDITION
Order Here --> https://teespring.com/ASHANDHELDWIRELESSM2895","2018-10-01","2018-10-01",NULL,"737221963276713","USD","","","","https://www.facebook.com/ads/archive/render_ad/?id=6689862494485264&access_token=271036207024410%7Cuyb9rZmfzXkojISiZGxQ-BE97Fo","Support The 2nd Amendment"
"6680366055434908","Election Day is less than 70 days away. Don't miss this chance to get your name on our official DNC FEC report as one of our most committed donors for 2018. Chip in today to support Democrats up and down the ballot!","2018-09-12","2018-09-12","2018-09-30","12301006942","USD",NULL,NULL,NULL,"https://www.facebook.com/ads/archive/render_ad/?id=6680366055434908&access_token=271036207024410%7Cuyb9rZmfzXkojISiZGxQ-BE97Fo","the Democratic National Committee"
"6647517208603787","üî¥ Due to the COVID-19 Quarantine, Hundreds of Thousands of People are Getting Laid Off Left and Right... üî¥

In Times Like This, Many People are Going to Experience Hardship in Many Aspects of Life.

It‚Äôs Only a Matter of Time Before the Foreclosures Start Stacking Up. 

Real Estate Prices Will Plunge, The Media Will Start Talking About How Bad the Market is and Investors WIll Start Running Away From Real Estate Like they Did During the Crash of 2008.  

I believe it‚Äôs Our God Given Duty to Use Our Knowledge and Our Skillset to Help People in this Time of Need. 

As an Active Investor for 16 Years, I‚Äôve Successfully Navigated Through the Good, The Bad, and the Ugly. (It may surprise which one is the most profitable part of the cycle) 

HINT: It‚Äôs the coming part of the cycle that you need to be prepared for so you can set yourself up for the rest of your life.

My MISSION is to Help a Million People Become Financially Free Thru Real Estate and I Want You to Be One of Them. 

Because of the Corona Virus Quarantine, the big bad iBuyers like Zillow, Redfin and OpenDoor have already stopped buying houses...which means the big bad bullies of house buying are gone...which means less competition and more deals for us. 

The reality is you should be running toward real estate right now and not away from it. 

This is a huge mistake new investors make when the market starts to decline and I will do everything I can help you understand that. 

The reality is... down real estate markets is when inexperienced investors get scared and run away and the educated investors stick around and scoop up all the incredible deals that become available. 
 
This is the same thing that happened in the crash of 2008. 

The smart investors stayed in, got educated, and built incredible portfolios by buying properties as low as 10-30 cents on the dollar. 

Which is why I‚Äôm giving away my Virtual Real Estate Mini Course for anyone interested in using their quarantine time wisely to learn and implement virtual real estate investing to set yourself up for the rest of your life. 

Virtual Real Estate Investing is the Perfect Strategy Right Now Because You Can Do Deals Without Risking Your Own Cash and You Don‚Äôt Need to Leave Your House because You Can Do this Completely Virtual.

You now basically have zero competition because real estate agents are too afraid to go into someone else‚Äôs house right now‚Ä¶and rightfully so‚Ä¶

I wouldn‚Äôt want to go into a stranger‚Äôs house either which is why I‚Äôm going to show you how to do this 100% virtually from your house or from anywhere.

The best part is... you don‚Äôt need to meet anyone in person (so no risk to you or your loved ones) and you can do all of this from your laptop from anywhere.

This allows you to virtually buy real estate just like buying stocks. 

Also, you don‚Äôt need any capital to get started which makes it very low risk to get started. You don‚Äôt even need to borrow capital with this strategy.

I Urge You to STOP Watching the News and Start Studying How to Become Financially Secure Without Relying on a Job or the Government.   

I am Completely Unemployable!

After Getting Turned Down for Every Job I Applied for Like Enterprise Rent a Car and Home Depot, I Have Been My Own Boss for the Past 16 years. 

I Racked up $109,000 in Credit Card Debt Until I Figured Out Virtual Real Estate Investing. 

I‚Äôll Show You How I Did it So You Can Copy Exactly What I Did.
 
Get My Mini Course 100% Free Here: üëáüëá

VirtualRealEstateInvesting.club/CheatSheet

Keep Your Family Safe During This Time! 
I WIll Always Fight for Your Freedom, 
DC Fawcett 
 
üèòÔ∏è PS: Now is NOT the time to IGNORE or Run Away from Real Estate.  üèòÔ∏è

Trust me when I tell you, after investing for 16 years, I can tell you these are the best times to be in real estate!
 
Using the strategy I‚Äôm going to share with you in the mini-course, you‚Äôll see how you can thrive during this time and set yourself and your family up for the rest of your life.

Get My Mini Course 100% Free Here: üëáüëá

VirtualRealEstateInvesting.club/CheatSheet","2020-04-07","2020-04-07","2020-04-10","176466646087311","USD","freedomfightersforlife.com","Best COVID-19 Quarantine Investing Strategy","DC Fawcett of Virtual Real Estate Investing Club Releases Free Virtual Real Estate Investing Cheat Sheet and Mini Course on FreedomFightersForLife.com","https://www.facebook.com/ads/archive/render_ad/?id=6647517208603787&access_token=EAACXDBbQm8kBAApfkxZADSU9fKfUxbW3ltcEDYmN6OMcvsgClO0NVGkWmULB7X9zjeEfT0NWUjY9w5ufNn2nc8BPi5BNdIAef3sA8sXKI2nViGYo5EZCp07akMfZA7BrGmnbwRFmjOpWmdAkh6eje9232ZAkqzBVx9ejjf4d6fLwaaRDxGrN3gQa99n9ZC9ZCyobHs4vIRFQZDZD","Donald Chappell Fawcett"
"6603706509654959","Meet Candice, a Wet‚Äôsuwet‚Äôen member who supports the opportunities Coastal GasLink is bringing to her community. Listen to Candice's words, share her voice, and learn more about our collaborative approach to working with Indigenous communities in northern B.C. www.coastalgaslink.com/sustainability/indigenous-relations/ #CoastalGasLink #Wetsuweten","2020-02-08","2020-02-08","2020-02-14","2035580169895290","CAD","www.coastalgaslink.com","Meet Candice.",NULL,"https://www.facebook.com/ads/archive/render_ad/?id=6603706509654959&access_token=EAAhZBQYQVMRMBAMso0s3yKiWOLJDd6YhYI8hZBSxBnhAfZAp7DaUGOGpSgJiPzVjaLygZCpzqVrVZAEiKnoNAJIcfIhSOGhLVO3qREeFMxlB0O4YnOsFtxFVXRWyY5JbnKEsgQqQBONG2VbAQdZCGxCObz2qJxOksZD","Coastal GasLink"
"6583427431976667","Donald Trump wants to take away health care protections for those of us with pre-existing conditions. I beat breast cancer. I'll beat back any attempt to take away this protection.","2018-10-25","2018-10-25","2018-11-07","6444958138","USD","debbiewassermanschultz.com","","Healthcare is a human right. Vote for Debbie.","https://www.facebook.com/ads/archive/render_ad/?id=6583427431976667&access_token=271036207024410%7Cuyb9rZmfzXkojISiZGxQ-BE97Fo","Debbie Wasserman Schultz for Congress"
"6565283370196656","Trump is scared. Wanna know why? Watch this.","2020-02-06","2020-02-06","2020-02-13","6756153498","USD","www.mikebloomberg.com","Polls: Mike beats Trump","Mike Will Get it Done","https://www.facebook.com/ads/archive/render_ad/?id=6565283370196656&access_token=EAAhZBQYQVMRMBAMso0s3yKiWOLJDd6YhYI8hZBSxBnhAfZAp7DaUGOGpSgJiPzVjaLygZCpzqVrVZAEiKnoNAJIcfIhSOGhLVO3qREeFMxlB0O4YnOsFtxFVXRWyY5JbnKEsgQqQBONG2VbAQdZCGxCObz2qJxOksZD","Mike Bloomberg 2020 Inc"
"6550094965013507","A 2019 Timesaver Law Has Allowed OVER 2.5 MILLION U.S. residents and citizens to Become Eligible ONLINE to Carry Concealed For FREE! 

ACT NOW BEFORE LAWS CHANGE ‚Üí www.concealedonline.com/qualify-now/","2019-08-11","2019-08-11",NULL,"1703990886545141","USD","www.concealedonline.com","","Carry a Gun Legally","https://www.facebook.com/ads/archive/render_ad/?id=6550094965013507&access_token=EAAD2gYjXSRoBAG52Qh0n09pqdyLcZA8P1Hh7eOoDG6sqU9u255U8BhoGzAG3PzEt3QbiutaLXGOdnfLzaxh8BR6uY4JpWRcVNrFlgIQ3hloTQmJw76aDpXHNRSs8Yhyu53eDRYy94hazbWc6fdH84weGSw6ZCitOqK05C4ePEYnenPZBZB6s","Concealed Online"
"6547264005593010","Since the 2010 Citizens United decision, Big Money has poured into our elections. We must stop this flood and affirm that our constitution defends the votes of people, not corporations. Join our fight: Sign the petition and become a Citizen Co-Sponsor of the Constitutional Amendment to end Citizens United. http://bit.ly/2NCCxCE","2018-08-31","2018-08-31",NULL,"602714436529710","USD","action.endcitizensunited.org","","Sign On: Co-Sponsor the Constitutional Amendment to End Citizens United","https://www.facebook.com/ads/archive/render_ad/?id=6547264005593010&access_token=271036207024410%7Cuyb9rZmfzXkojISiZGxQ-BE97Fo","End Citizens United"
"6527132703996097","13.1 MILLION! That‚Äôs the number of barrels of oil per day the United States is forecasted to produce in 2020.

SIGN your name if you support America‚Äôs energy industry!","2019-04-23","2019-04-23",NULL,"925007000949719","USD","www.exxchange.com","","Sign Up For Energy Updates","https://www.facebook.com/ads/archive/render_ad/?id=6527132703996097&access_token=245896836130201%7CpbyRnfMQLWKShIkhNms7iEYKL0w","ExxonMobil"
"6506905132962231","Protecting the sanctity of life is at the core of our Kansas values. Legislators like Anita Judd-Jenkins have helped ensure Kansas has some of the toughest abortion laws in the country. Pro-life legislation will be before the Legislature in the next session, we need to get our leaders to agree now to continue the fight. Call Anita Judd-Jenkins and ask her to commit to continuing the fight next session to reduce abortions in Kansas: (785) 296-7671.","2018-07-28","2018-07-28","2018-07-31","687285771614547","USD","","","","https://www.facebook.com/ads/archive/render_ad/?id=6506905132962231&access_token=271036207024410%7Cuyb9rZmfzXkojISiZGxQ-BE97Fo","Alliance For A Secure Kansas"
"6486034334752904","Are you ready for 2020?

Use code ‚ÄôTRUMP2020‚Äô for 20% OFF your entire order!

Shop Here ‚ü∂ http://fstitched.shop/mlcahat2020","2019-07-24","2019-07-24",NULL,"330630230979009","USD","","","","https://www.facebook.com/ads/archive/render_ad/?id=6486034334752904&access_token=EAAD2gYjXSRoBAG52Qh0n09pqdyLcZA8P1Hh7eOoDG6sqU9u255U8BhoGzAG3PzEt3QbiutaLXGOdnfLzaxh8BR6uY4JpWRcVNrFlgIQ3hloTQmJw76aDpXHNRSs8Yhyu53eDRYy94hazbWc6fdH84weGSw6ZCitOqK05C4ePEYnenPZBZB6s","Fully Stitched, LLC"
"6477585485636440","Nasrin Sotoudeh is facing nearly four decades in jail and 148 lashes for her peaceful human rights work, including her defense of recent protests against Iran‚Äôs hijab laws. This sentence is among the harshest that Amnesty has recorded for a human rights defender in Iran in recent years. Stand with us today and demand her release!","2019-04-09","2019-04-09",NULL,"7192716362","USD","fb.me","","Urgent- Activist Nasrin Sotoudeh Sentenced to 38 Years In Prison & 148 Lashes","https://www.facebook.com/ads/archive/render_ad/?id=6477585485636440&access_token=245896836130201%7CpbyRnfMQLWKShIkhNms7iEYKL0w","Amnesty International USA"
"6445617719273151","Folks, no other socks have GREAT flowing hair like mine. Let's make Socks Great Again.

Get YOUR limited Edition Now: 
reptherepublicans.com/products/trump-socks","2020-02-17","2020-02-17","2020-02-18","104673551044684","USD","reptherepublicans.com","Trump Socks","Limited Stock Available","https://www.facebook.com/ads/archive/render_ad/?id=6445617719273151&access_token=EAAhZBQYQVMRMBAMso0s3yKiWOLJDd6YhYI8hZBSxBnhAfZAp7DaUGOGpSgJiPzVjaLygZCpzqVrVZAEiKnoNAJIcfIhSOGhLVO3qREeFMxlB0O4YnOsFtxFVXRWyY5JbnKEsgQqQBONG2VbAQdZCGxCObz2qJxOksZD","Rep Republican"
"6439338259901097","It's official. With 100% of precincts reporting, we've won the Iowa Caucuses! Can you chip in right now to help us continue the momentum and turn the page?","2020-02-08","2020-02-08","2020-02-11","1039701332716228","USD","secure.actblue.com","Pete Won the Iowa Caucuses üì£","Chip in today to help bring a new generation of leaders to Washington.","https://www.facebook.com/ads/archive/render_ad/?id=6439338259901097&access_token=EAAhZBQYQVMRMBAMso0s3yKiWOLJDd6YhYI8hZBSxBnhAfZAp7DaUGOGpSgJiPzVjaLygZCpzqVrVZAEiKnoNAJIcfIhSOGhLVO3qREeFMxlB0O4YnOsFtxFVXRWyY5JbnKEsgQqQBONG2VbAQdZCGxCObz2qJxOksZD","PETE FOR AMERICA, INC."
"6367822439910035","Let's end the chaos and uncertainty and make Parliament work for you again.","2019-12-01","2019-12-01","2020-01-29","8807334278","GBP","VOTE.CONSERVATIVES.COM","End the chaos. Vote Conservative.","Get Parliament working for you again","https://www.facebook.com/ads/archive/render_ad/?id=6367822439910035&access_token=EAAhZBQYQVMRMBAMso0s3yKiWOLJDd6YhYI8hZBSxBnhAfZAp7DaUGOGpSgJiPzVjaLygZCpzqVrVZAEiKnoNAJIcfIhSOGhLVO3qREeFMxlB0O4YnOsFtxFVXRWyY5JbnKEsgQqQBONG2VbAQdZCGxCObz2qJxOksZD","The Conservative Party"
"6364368376943632","It's time to rebuild America and restore the American Dream. Let's get to work, together.","2019-12-23","2019-12-23","2020-01-10","6756153498","USD","www.mikebloomberg.com","MY MIDDLE CLASS ROOTS","Mike's record.","https://www.facebook.com/ads/archive/render_ad/?id=6364368376943632&access_token=EAAhZBQYQVMRMBAMso0s3yKiWOLJDd6YhYI8hZBSxBnhAfZAp7DaUGOGpSgJiPzVjaLygZCpzqVrVZAEiKnoNAJIcfIhSOGhLVO3qREeFMxlB0O4YnOsFtxFVXRWyY5JbnKEsgQqQBONG2VbAQdZCGxCObz2qJxOksZD","Mike Bloomberg 2020 Inc"
"6342736449561279","Young people are leading the fight for abortion access. Trust youth to be the experts in their own lives: we need conversation, not legislation. Youth are engaged. Youth are organized. And we are are all watching. Join us - add your name!","2019-10-21","2019-10-21","2019-10-24","82786963058","USD","stoppna.org","","Young People Are Leading The Fight - Join Us!","https://www.facebook.com/ads/archive/render_ad/?id=6342736449561279&access_token=EAAD2gYjXSRoBANHib7yyqD2c5Odyh2ctnUhfsw7Htn4jqXfnZAQ5P2JAxDPsWvQHChLL3659Jy8kHvzh1wGHbjk0V8Bci8cYO7wHwaQAXu22JT857aasjNiTYsGjZCaYdOJxRNfmAsadrUEZAD1oSQrxZAqlpFr5ZChDafsCxZBcfILHotNdW4","Illinois Caucus for Adolescent Health"
"6316372801717676","‚Ä¢ 100% cotton
‚Ä¢ 6-panel constructed crown
‚Ä¢ Hook & loop closure
‚Ä¢ Pre-curved bill
‚Ä¢ Proudly Made in USA","2020-01-17","2020-01-17","2020-01-28","153080620724","USD","https://shop.donaldjtrump.com","Women for Trump Hat - White","BUY NOW >>>","https://www.facebook.com/ads/archive/render_ad/?id=6316372801717676&access_token=EAAhZBQYQVMRMBAMso0s3yKiWOLJDd6YhYI8hZBSxBnhAfZAp7DaUGOGpSgJiPzVjaLygZCpzqVrVZAEiKnoNAJIcfIhSOGhLVO3qREeFMxlB0O4YnOsFtxFVXRWyY5JbnKEsgQqQBONG2VbAQdZCGxCObz2qJxOksZD","TRUMP MAKE AMERICA GREAT AGAIN COMMITTEE"
"6297476953607261","Mike Bloomberg will expand access to health care, lower costs, and protect Americans with pre-existing conditions.","2020-01-10","2020-01-10","2020-02-06","6756153498","USD","www.mikebloomberg.com","Mike Will Get It Done",NULL,"https://www.facebook.com/ads/archive/render_ad/?id=6297476953607261&access_token=EAAhZBQYQVMRMBAMso0s3yKiWOLJDd6YhYI8hZBSxBnhAfZAp7DaUGOGpSgJiPzVjaLygZCpzqVrVZAEiKnoNAJIcfIhSOGhLVO3qREeFMxlB0O4YnOsFtxFVXRWyY5JbnKEsgQqQBONG2VbAQdZCGxCObz2qJxOksZD","Mike Bloomberg 2020 Inc"
